dst,src,day-hour,num
10.49.223.163,10.49.21.15,5_30_23,2
10.49.223.194,10.49.212.7,5_30_23,2
10.49.253.35,10.49.212.7,5_30_23,8
10.49.36.147,10.49.212.7,5_30_23,3
10.49.36.233,10.49.212.7,5_30_23,4
10.26.139.32,10.49.231.206,5_31_0,8
10.49.253.219,10.49.212.126,5_31_0,1
10.49.253.35,10.49.212.7,5_31_0,1
10.49.36.147,10.49.212.7,5_31_0,116
10.49.36.233,10.49.212.7,5_31_0,21
10.24.172.183,10.49.21.15,5_31_1,3
10.24.49.154,10.49.21.15,5_31_1,3
10.26.54.255,10.49.231.206,5_31_1,8
10.26.99.24,10.49.231.206,5_31_1,6
10.28.64.142,10.49.21.15,5_31_1,3
10.32.49.189,10.49.21.15,5_31_1,31
10.33.68.19,10.49.231.206,5_31_1,5
10.36.32.229,10.49.212.147,5_31_1,188
10.40.216.239,10.49.21.15,5_31_1,3
10.40.64.158,10.49.21.15,5_31_1,3
10.43.175.149,10.49.21.15,5_31_1,3
10.49.223.163,10.49.21.15,5_31_1,65
10.24.49.154,10.49.21.15,5_31_10,3
10.39.11.174,10.49.21.15,5_31_10,115
10.49.137.87,10.49.21.15,5_31_10,465
10.49.223.163,10.49.21.15,5_31_10,65
10.49.223.194,10.49.212.162,5_31_10,8
10.49.45.55,10.49.212.7,5_31_10,1
10.24.249.104,10.49.21.15,5_31_11,18
10.40.53.183,10.49.21.15,5_31_11,128
10.49.137.199,10.49.21.15,5_31_11,1626
10.49.137.87,10.49.21.15,5_31_11,77
10.49.137.87,10.49.212.7,5_31_11,1
10.49.178.162,10.49.212.7,5_31_11,23
10.49.223.163,10.49.21.15,5_31_11,65
10.49.223.194,10.49.21.15,5_31_11,1742
10.49.223.194,10.49.212.162,5_31_11,8
10.49.45.64,10.49.212.7,5_31_11,26
10.24.49.154,10.49.21.15,5_31_12,8
10.30.150.54,10.49.21.15,5_31_12,6
10.39.11.174,10.49.21.15,5_31_12,5
10.49.137.12,10.49.212.7,5_31_12,24
10.49.137.87,10.49.21.15,5_31_12,24
10.24.49.154,10.49.21.15,5_31_13,907
10.30.150.54,10.49.21.15,5_31_13,22
10.36.32.229,10.49.212.147,5_31_13,52
10.40.240.71,10.49.21.15,5_31_13,3
10.49.137.12,10.49.212.7,5_31_13,2
10.49.137.199,10.49.21.15,5_31_13,4
10.49.137.87,10.49.21.15,5_31_13,153
10.49.148.121,10.49.21.15,5_31_13,2
10.49.223.163,10.49.21.15,5_31_13,255
10.49.36.161,10.49.21.15,5_31_13,2
10.24.49.154,10.49.21.15,5_31_14,3
10.49.126.12,10.56.34.157,5_31_14,68
10.49.137.191,10.56.34.157,5_31_14,1
10.49.148.121,10.49.21.15,5_31_14,7
10.49.223.163,10.49.21.15,5_31_14,1
10.49.45.10,10.56.34.157,5_31_14,1
10.24.49.154,10.49.21.15,5_31_15,3
10.35.70.252,10.49.212.186,5_31_15,1
10.36.32.229,10.49.212.147,5_31_15,282
10.49.223.163,10.49.21.15,5_31_15,1
10.35.70.252,10.49.212.186,5_31_16,1
10.36.32.229,10.49.212.147,5_31_16,125
10.49.126.80,10.56.34.157,5_31_16,33
10.30.150.54,10.56.34.157,5_31_17,3
10.36.32.229,10.49.212.147,5_31_17,2
106.38.184.217,10.56.34.157,5_31_17,5
42.236.9.130,10.56.34.157,5_31_17,1
106.38.184.217,10.56.34.157,5_31_18,16
220.181.150.220,10.56.34.157,5_31_18,1
42.236.27.48,10.56.34.157,5_31_18,1
10.36.32.229,10.49.212.147,5_31_19,1
10.24.49.154,10.49.21.15,5_31_2,8
10.36.32.229,10.49.212.147,5_31_2,98
10.37.54.179,10.49.231.206,5_31_2,5
10.49.137.199,10.49.212.126,5_31_2,5
10.49.148.73,10.49.212.7,5_31_2,64
10.49.253.159,10.49.212.126,5_31_2,4
10.49.36.161,10.49.212.7,5_31_2,7
10.26.86.146,10.49.231.206,5_31_20,8
10.52.28.103,10.49.231.206,5_31_20,6
10.21.141.252,10.49.231.206,5_31_21,6
10.35.1.178,10.49.231.206,5_31_21,6
10.35.1.226,10.49.231.206,5_31_21,6
10.36.32.229,10.49.212.147,5_31_21,132
10.36.32.229,10.49.212.147,5_31_22,118
10.26.139.186,10.49.231.206,5_31_23,7
10.36.32.229,10.49.212.147,5_31_23,50
10.49.223.194,10.49.212.7,5_31_23,27
10.49.253.35,10.49.212.7,5_31_23,5
10.49.36.147,10.49.212.7,5_31_23,106
10.24.146.14,10.49.231.206,5_31_3,5
10.32.49.189,10.49.21.15,5_31_3,3
10.35.70.252,10.49.231.206,5_31_3,11
10.36.32.229,10.49.212.147,5_31_3,482
10.39.11.174,10.49.21.15,5_31_3,220
10.49.36.161,10.49.212.7,5_31_3,24
10.25.32.50,10.49.21.15,5_31_4,3
10.32.42.48,10.49.21.15,5_31_4,3
10.36.32.229,10.49.212.147,5_31_4,6
10.40.53.183,10.49.21.15,5_31_4,3
10.49.148.121,10.49.212.7,5_31_4,29
10.49.216.62,10.49.212.7,5_31_4,7
10.49.223.194,10.49.212.7,5_31_4,25
10.51.65.131,10.49.21.15,5_31_4,3
10.24.146.14,10.49.21.15,5_31_5,3
10.24.249.104,10.49.21.15,5_31_5,6
10.24.73.248,10.49.21.15,5_31_5,3
10.35.70.252,10.49.212.147,5_31_5,186
10.35.82.21,10.49.21.15,5_31_5,3
10.36.32.229,10.49.212.147,5_31_5,398
10.47.187.139,10.49.21.15,5_31_5,3
10.49.216.62,10.49.212.7,5_31_5,23
10.49.223.163,10.49.21.15,5_31_5,3
10.49.137.12,10.49.212.7,5_31_6,3
10.49.253.159,10.49.212.7,5_31_6,30
10.36.32.229,10.49.212.147,5_31_7,84
10.48.35.58,10.49.21.15,5_31_7,43
10.49.137.12,10.49.212.7,5_31_7,25
10.49.137.38,10.49.212.7,5_31_7,7
10.49.137.87,10.49.212.126,5_31_7,9
10.49.180.30,10.49.212.126,5_31_7,8
10.49.45.55,10.49.212.7,5_31_7,28
10.49.45.64,10.49.212.7,5_31_7,7
10.51.65.131,10.49.21.15,5_31_7,3
10.36.32.229,10.49.212.147,5_31_8,4
10.49.137.38,10.49.212.7,5_31_8,23
10.49.137.87,10.49.212.126,5_31_8,11
10.49.223.194,10.49.21.15,5_31_8,4
10.49.45.55,10.49.212.7,5_31_8,2
10.49.45.64,10.49.212.7,5_31_8,23
10.24.146.212,10.49.21.15,5_31_9,3
10.35.70.252,10.49.21.15,5_31_9,3
10.42.237.213,10.49.21.15,5_31_9,1
10.49.137.87,10.49.21.15,5_31_9,313
10.49.223.194,10.49.21.15,5_31_9,31
10.49.45.55,10.49.212.7,5_31_9,26
10.24.49.154,10.49.21.15,6_10_0,4
10.49.216.62,10.49.212.7,6_10_0,50
10.49.223.163,10.49.21.15,6_10_0,3
10.30.150.54,10.49.21.15,6_10_10,4
10.49.223.163,10.49.21.15,6_10_10,2
10.49.223.194,10.49.212.162,6_10_10,9
10.55.163.57,10.49.21.15,6_10_10,65
10.24.49.154,10.49.21.15,6_10_11,561
10.35.82.21,10.49.212.186,6_10_11,166
10.39.11.174,10.49.21.15,6_10_11,4
10.49.137.87,10.49.21.15,6_10_11,362
10.49.223.163,10.49.21.15,6_10_11,936
10.36.32.229,10.49.212.147,6_10_12,43
10.49.137.87,10.49.21.15,6_10_12,1
10.49.223.194,10.49.21.15,6_10_12,53
10.50.85.157,10.56.34.157,6_10_12,1
10.50.85.229,10.56.34.157,6_10_12,1
10.36.32.229,10.49.212.147,6_10_13,80
117.79.81.55,10.56.34.157,6_10_14,3
10.36.32.229,10.49.212.147,6_10_15,251
10.40.53.183,10.49.137.166,6_10_15,92
10.49.137.87,10.49.21.15,6_10_15,465
10.49.223.194,10.49.21.15,6_10_15,1019
10.51.65.131,10.49.21.15,6_10_15,1
10.24.49.154,10.49.21.15,6_10_16,340
10.30.150.54,10.49.21.15,6_10_16,1
10.32.243.30,10.49.21.15,6_10_16,466
10.39.80.181,10.49.21.15,6_10_16,201
10.40.53.183,10.49.137.166,6_10_16,91
10.40.53.183,10.49.21.15,6_10_16,94
10.40.64.158,10.49.21.15,6_10_16,3
10.48.35.58,10.49.21.15,6_10_16,3
10.49.137.87,10.49.21.15,6_10_16,295
10.51.65.131,10.49.21.15,6_10_16,2
10.24.249.104,10.49.21.15,6_10_17,10
10.32.243.30,10.49.21.15,6_10_17,65
10.35.70.252,10.49.212.186,6_10_17,2
10.36.32.229,10.49.212.147,6_10_17,41
10.39.11.174,10.49.21.15,6_10_17,3
10.40.53.183,10.49.137.166,6_10_17,126
10.47.187.139,10.49.21.15,6_10_17,3
10.48.35.58,10.49.21.15,6_10_17,37
10.49.137.87,10.49.21.15,6_10_17,1518
10.49.223.163,10.49.21.15,6_10_17,312
10.52.226.207,10.49.21.15,6_10_17,3
10.24.49.154,10.49.21.15,6_10_18,6
10.26.139.186,10.49.231.206,6_10_18,6
10.35.82.21,10.49.231.206,6_10_18,5
10.49.137.87,10.49.21.15,6_10_18,450
10.49.223.163,10.49.21.15,6_10_18,403
10.26.86.146,10.49.231.206,6_10_19,8
10.30.150.54,10.49.21.15,6_10_19,8
10.39.11.174,10.49.21.15,6_10_19,3
10.39.12.107,10.49.231.206,6_10_19,6
10.49.137.87,10.49.21.15,6_10_19,1974
10.49.223.163,10.49.21.15,6_10_19,3
10.36.32.229,10.49.212.147,6_10_2,2
10.49.223.163,10.49.21.15,6_10_2,3
10.36.32.229,10.49.212.147,6_10_20,128
10.49.137.87,10.49.21.15,6_10_20,372
10.49.223.163,10.49.21.15,6_10_20,96
10.30.150.54,10.49.21.15,6_10_21,6
10.35.82.21,10.49.212.147,6_10_21,37
10.49.137.87,10.49.21.15,6_10_21,127
10.36.32.229,10.49.212.147,6_10_22,96
10.49.137.87,10.49.21.15,6_10_22,2309
10.49.223.163,10.49.21.15,6_10_22,96
10.36.32.229,10.49.212.147,6_10_23,19
10.35.70.252,10.49.212.186,6_10_3,188
10.39.80.181,10.49.21.15,6_10_3,3
10.24.146.14,10.49.21.15,6_10_4,6
10.49.223.163,10.49.21.15,6_10_4,3
10.21.12.198,10.49.21.15,6_10_5,3
10.36.32.229,10.49.21.15,6_10_5,3
10.21.141.252,10.49.21.15,6_10_6,3
10.32.42.48,10.49.21.15,6_10_6,3
10.36.32.229,10.49.212.147,6_10_6,197
10.21.249.163,10.49.21.15,6_10_7,3
10.24.146.212,10.49.21.15,6_10_7,4
10.24.243.141,10.49.21.15,6_10_7,4
10.25.32.50,10.49.21.15,6_10_7,4
10.28.64.142,10.49.21.15,6_10_7,4
10.40.216.239,10.49.21.15,6_10_7,4
10.40.240.71,10.49.21.15,6_10_7,3
10.40.53.183,10.49.21.15,6_10_7,3
10.49.223.163,10.49.21.15,6_10_7,36
10.24.172.183,10.49.21.15,6_10_8,3
10.24.249.104,10.49.21.15,6_10_8,6
10.24.49.154,10.49.21.15,6_10_8,3
10.32.49.189,10.49.21.15,6_10_8,3
10.35.82.21,10.49.21.15,6_10_8,3
10.35.82.21,10.49.212.186,6_10_8,47
10.36.32.229,10.49.212.147,6_10_8,1
10.39.11.174,10.49.21.15,6_10_8,66
10.48.35.58,10.49.21.15,6_10_8,4
10.49.137.87,10.49.21.15,6_10_8,379
10.49.223.163,10.49.21.15,6_10_8,68
10.49.45.55,10.49.21.15,6_10_8,3
10.49.45.64,10.49.21.15,6_10_8,1
10.24.49.154,10.49.21.15,6_10_9,3
10.33.68.19,10.49.21.15,6_10_9,4
10.40.53.183,10.49.21.15,6_10_9,254
10.49.137.87,10.49.21.15,6_10_9,114
10.49.223.194,10.49.21.15,6_10_9,229
10.51.65.131,10.49.21.15,6_10_9,73
211.151.194.57,10.56.34.157,6_10_9,66
10.35.70.252,10.49.231.206,6_11_0,11
10.36.32.229,10.49.212.147,6_11_0,355
10.39.202.64,10.49.231.206,6_11_0,6
10.39.27.175,10.49.231.206,6_11_0,8
10.49.223.163,10.49.21.15,6_11_1,3
10.24.49.154,10.49.21.15,6_11_10,345
10.39.11.174,10.49.21.15,6_11_10,62
10.49.137.87,10.49.21.15,6_11_10,1666
10.49.223.163,10.49.21.15,6_11_10,96
10.49.223.194,10.49.21.15,6_11_10,4
10.51.65.131,10.49.21.15,6_11_10,6
10.30.150.54,10.49.21.15,6_11_11,57
10.36.32.229,10.49.212.147,6_11_11,2
10.49.137.87,10.49.21.15,6_11_11,294
10.49.223.194,10.49.212.162,6_11_11,8
10.51.65.131,10.49.21.15,6_11_11,29
10.24.49.154,10.49.21.15,6_11_12,37
10.39.11.174,10.49.21.15,6_11_12,3
10.49.137.87,10.49.21.15,6_11_12,2425
10.49.223.163,10.49.21.15,6_11_12,130
10.30.150.54,10.49.21.15,6_11_13,38
10.36.32.229,10.49.212.147,6_11_13,1
10.48.35.58,10.49.21.15,6_11_13,3
10.49.137.87,10.49.21.15,6_11_13,145
10.49.223.194,10.49.21.15,6_11_13,1156
10.30.150.54,10.49.21.15,6_11_14,58
10.49.137.87,10.49.21.15,6_11_14,172
10.49.223.163,10.49.21.15,6_11_14,530
10.24.49.154,10.49.21.15,6_11_15,276
10.39.11.174,10.49.21.15,6_11_15,27
10.49.137.87,10.49.21.15,6_11_15,635
10.49.223.163,10.49.21.15,6_11_15,33
223.202.20.237,10.56.34.157,6_11_15,22
10.30.150.54,10.49.21.15,6_11_16,2
10.36.32.229,10.49.212.147,6_11_16,4
10.49.137.87,10.49.21.15,6_11_16,673
10.49.223.163,10.49.21.15,6_11_16,96
10.49.223.194,10.49.21.15,6_11_16,2
10.24.49.154,10.49.21.15,6_11_17,787
10.49.137.87,10.49.21.15,6_11_17,807
10.49.223.163,10.49.21.15,6_11_17,3
10.49.223.194,10.49.21.15,6_11_17,31
10.51.65.131,10.49.21.15,6_11_17,3
10.30.150.54,10.49.21.15,6_11_18,159
10.32.243.30,10.49.21.15,6_11_18,7
10.40.53.183,10.49.21.15,6_11_18,93
10.48.35.58,10.49.21.15,6_11_18,1
10.49.137.87,10.49.21.15,6_11_18,2018
10.24.243.239,10.56.34.157,6_11_19,77
10.24.49.154,10.49.21.15,6_11_19,377
10.26.139.186,10.49.231.206,6_11_19,7
10.32.243.30,10.49.21.15,6_11_19,833
10.35.82.21,10.49.231.206,6_11_19,4
10.36.32.229,10.49.212.147,6_11_19,576
10.39.56.249,10.49.231.206,6_11_19,8
10.48.35.58,10.49.21.15,6_11_19,68
10.49.137.87,10.49.21.15,6_11_19,668
10.49.223.163,10.49.21.15,6_11_19,377
10.49.223.194,10.49.21.15,6_11_19,357
10.49.216.62,10.49.212.7,6_11_2,43
10.26.86.146,10.49.231.206,6_11_20,7
10.30.150.54,10.49.21.15,6_11_20,2
10.35.70.252,10.49.212.147,6_11_20,2
10.36.32.229,10.49.212.147,6_11_20,604
10.39.12.107,10.49.231.206,6_11_20,6
10.40.53.183,10.49.137.166,6_11_20,203
10.40.53.183,10.49.21.15,6_11_20,442
10.49.137.87,10.49.21.15,6_11_20,2912
10.36.32.229,10.49.212.147,6_11_21,236
10.49.137.87,10.49.21.15,6_11_21,161
10.49.223.163,10.49.21.15,6_11_21,34
10.49.223.194,10.49.21.15,6_11_21,79
10.36.32.229,10.49.212.147,6_11_22,345
10.49.137.87,10.49.21.15,6_11_22,595
10.30.150.54,10.49.21.15,6_11_23,2
10.36.32.229,10.49.212.147,6_11_23,3
10.39.202.64,10.49.231.206,6_11_23,6
10.49.137.87,10.49.21.15,6_11_23,2098
10.49.223.163,10.49.21.15,6_11_23,3
10.35.70.252,10.49.212.147,6_11_3,32
10.49.216.62,10.49.212.7,6_11_3,29
10.49.223.163,10.49.21.15,6_11_4,3
10.49.223.163,10.49.21.15,6_11_6,3
10.36.32.229,10.49.212.147,6_11_7,158
10.25.32.50,10.49.21.15,6_11_8,3
10.49.223.163,10.49.21.15,6_11_8,3
10.36.32.229,10.49.212.147,6_11_9,1
10.39.11.174,10.49.21.15,6_11_9,3
10.49.137.87,10.49.21.15,6_11_9,125
10.49.223.163,10.49.21.15,6_11_9,3
10.35.70.252,10.49.231.206,6_12_0,10
10.36.32.229,10.49.212.147,6_12_0,331
10.39.27.175,10.49.231.206,6_12_0,8
10.36.32.229,10.49.212.147,6_12_1,35
10.30.150.54,10.49.21.15,6_12_10,278
10.36.32.229,10.49.212.147,6_12_10,1
10.39.11.174,10.49.21.15,6_12_10,35
10.49.137.87,10.49.21.15,6_12_10,2039
10.49.223.163,10.49.21.15,6_12_10,97
10.49.223.194,10.49.21.15,6_12_10,40
10.49.223.194,10.49.212.162,6_12_10,8
10.49.36.147,10.49.21.15,6_12_10,31
10.49.45.64,10.49.21.15,6_12_10,30
106.120.160.145,10.56.34.157,6_12_10,6651
10.24.49.154,10.49.21.15,6_12_11,64
10.39.11.174,10.49.21.15,6_12_11,30
10.48.110.228,10.56.34.157,6_12_11,6
10.49.137.87,10.49.21.15,6_12_11,1418
10.49.223.163,10.49.21.15,6_12_11,61
10.49.223.194,10.49.212.162,6_12_11,8
10.51.65.131,10.49.21.15,6_12_11,4
10.24.49.154,10.49.21.15,6_12_12,3
10.36.32.229,10.49.212.147,6_12_12,2
10.40.216.239,10.49.21.15,6_12_12,6
10.49.137.87,10.49.21.15,6_12_12,452
10.49.223.194,10.49.21.15,6_12_12,1462
10.49.36.147,10.49.21.15,6_12_12,35
10.49.45.55,10.49.21.15,6_12_12,3
10.51.65.131,10.49.21.15,6_12_12,31
10.24.49.154,10.49.21.15,6_12_13,66
10.36.32.229,10.49.212.147,6_12_13,3
10.40.216.239,10.49.21.15,6_12_13,20
10.49.137.87,10.49.21.15,6_12_13,128
10.49.223.163,10.49.21.15,6_12_13,378
10.30.150.54,10.49.21.15,6_12_14,363
10.36.32.229,10.49.212.147,6_12_14,248
10.39.11.174,10.49.21.15,6_12_14,16
10.40.53.183,10.49.137.166,6_12_14,80
10.48.35.58,10.49.21.15,6_12_14,3
10.49.137.87,10.49.21.15,6_12_14,604
10.49.223.194,10.49.21.15,6_12_14,221
101.199.103.214,10.56.34.157,6_12_14,75
218.30.118.250,10.56.34.157,6_12_14,41
10.36.32.229,10.49.212.147,6_12_15,2
10.49.137.87,10.49.21.15,6_12_15,196
218.30.118.222,10.56.34.157,6_12_15,6
10.49.137.240,10.56.34.157,6_12_16,37
10.36.32.229,10.49.212.147,6_12_17,4
10.39.80.181,10.49.21.15,6_12_17,3
10.40.53.183,10.49.137.166,6_12_17,90
10.49.137.240,10.56.34.157,6_12_17,121
10.49.223.163,10.49.21.15,6_12_17,590
10.51.65.131,10.49.21.15,6_12_17,4
10.21.12.198,10.49.21.15,6_12_18,25
10.24.73.248,10.49.21.15,6_12_18,25
101.199.103.142,10.56.34.157,6_12_18,105
10.21.141.252,10.49.21.15,6_12_19,32
10.21.249.163,10.49.21.15,6_12_19,3
10.24.49.154,10.49.21.15,6_12_19,278
10.26.139.186,10.49.231.206,6_12_19,4
10.30.150.54,10.49.21.15,6_12_19,209
10.35.82.21,10.49.231.206,6_12_19,5
10.36.32.229,10.49.212.147,6_12_19,127
10.39.56.249,10.49.231.206,6_12_19,8
10.40.240.71,10.49.21.15,6_12_19,12
10.40.53.183,10.49.21.15,6_12_19,10
10.48.35.58,10.49.21.15,6_12_19,7
10.51.65.131,10.49.21.15,6_12_19,3
10.49.223.163,10.49.21.15,6_12_2,3
10.24.49.154,10.49.21.15,6_12_20,5
10.26.86.146,10.49.231.206,6_12_20,8
10.39.12.107,10.49.231.206,6_12_20,6
10.40.240.71,10.49.21.15,6_12_20,20
10.40.53.183,10.49.21.15,6_12_20,22
10.48.35.58,10.49.21.15,6_12_20,24
10.35.70.252,10.49.212.147,6_12_21,5
10.35.82.21,10.49.212.186,6_12_21,3
10.36.32.229,10.49.212.147,6_12_21,184
10.28.64.142,10.49.21.15,6_12_22,8
10.35.70.252,10.49.212.147,6_12_22,11
10.35.82.21,10.49.212.186,6_12_22,34
10.36.32.229,10.49.212.147,6_12_22,608
10.28.64.142,10.49.21.15,6_12_23,17
10.30.150.54,10.49.21.15,6_12_23,3
10.36.32.229,10.49.212.147,6_12_23,1
10.36.32.229,10.49.212.147,6_12_3,1
10.49.223.163,10.49.21.15,6_12_4,3
10.35.70.252,10.49.212.147,6_12_5,156
10.49.223.163,10.49.21.15,6_12_6,3
10.36.32.229,10.49.212.147,6_12_7,64
10.49.216.62,10.49.212.7,6_12_7,49
10.49.216.62,10.49.212.7,6_12_8,57
10.49.223.163,10.49.21.15,6_12_8,3
10.24.249.104,10.49.21.15,6_12_9,10
10.24.49.154,10.49.21.15,6_12_9,101
10.49.216.62,10.49.212.7,6_12_9,11
106.120.160.145,10.56.34.157,6_12_9,4
10.24.146.14,10.49.21.15,6_13_0,32
10.24.146.212,10.49.21.15,6_13_0,29
10.25.32.50,10.49.21.15,6_13_0,22
10.35.70.252,10.49.231.206,6_13_0,11
10.39.202.64,10.49.231.206,6_13_0,6
10.39.27.175,10.49.231.206,6_13_0,8
10.40.53.183,10.49.21.15,6_13_0,100
10.40.64.158,10.49.21.15,6_13_0,3
10.33.68.19,10.49.21.15,6_13_1,3
10.35.70.252,10.49.212.186,6_13_1,2
10.35.82.21,10.49.212.186,6_13_1,2
10.36.32.229,10.49.212.147,6_13_1,226
10.40.53.183,10.49.21.15,6_13_1,47
10.32.49.189,10.49.21.15,6_13_10,3
10.40.53.183,10.49.21.15,6_13_10,189
10.49.137.87,10.49.21.15,6_13_10,98
10.49.223.194,10.49.212.162,6_13_10,10762
10.50.85.134,10.56.34.157,6_13_10,1
106.38.184.134,10.56.34.157,6_13_10,279
106.38.184.173,10.56.34.157,6_13_10,131
10.24.172.183,10.49.21.15,6_13_11,61
10.24.49.154,10.49.21.15,6_13_11,504
10.30.150.54,10.49.21.15,6_13_11,83
10.40.53.183,10.49.137.166,6_13_11,175
10.49.137.87,10.49.21.15,6_13_11,63
10.49.223.163,10.49.21.15,6_13_11,1
10.49.223.194,10.49.212.162,6_13_11,6
106.38.184.134,10.56.34.157,6_13_11,557
10.24.49.154,10.49.21.15,6_13_12,57
10.30.48.160,10.56.34.157,6_13_12,2
10.39.11.174,10.49.21.15,6_13_12,65
10.49.137.87,10.49.21.15,6_13_12,377
10.49.223.163,10.49.21.15,6_13_12,777
10.49.223.194,10.49.21.15,6_13_12,521
10.24.49.154,10.49.21.15,6_13_13,352
10.36.32.229,10.49.212.147,6_13_13,345
10.40.53.183,10.49.21.15,6_13_13,176
10.49.137.87,10.49.21.15,6_13_13,156
10.49.45.55,10.49.21.15,6_13_13,32
10.24.49.154,10.49.21.15,6_13_14,3
10.30.150.54,10.49.21.15,6_13_14,6
10.40.216.239,10.49.21.15,6_13_14,3
10.49.137.87,10.49.21.15,6_13_14,381
10.49.223.163,10.49.21.15,6_13_14,793
10.49.253.233,10.56.144.126,6_13_14,8572
58.68.236.255,10.56.34.157,6_13_14,12
10.24.249.104,10.49.21.15,6_13_15,12
10.24.49.154,10.49.21.15,6_13_15,3
10.30.150.54,10.49.21.15,6_13_15,48
10.36.32.229,10.49.212.147,6_13_15,4
10.39.11.174,10.49.21.15,6_13_15,3
10.40.53.183,10.49.137.166,6_13_15,118
10.40.53.183,10.49.21.15,6_13_15,123
10.49.137.87,10.49.21.15,6_13_15,99
10.49.223.163,10.49.21.15,6_13_15,347
10.24.249.104,10.49.21.15,6_13_16,201
10.24.49.154,10.49.21.15,6_13_16,433
10.40.53.183,10.49.137.166,6_13_16,117
10.48.35.58,10.49.21.15,6_13_16,3
10.49.137.87,10.49.21.15,6_13_16,226
10.30.150.54,10.49.21.15,6_13_17,213
10.36.32.229,10.49.212.147,6_13_17,44
10.49.137.87,10.49.21.15,6_13_17,3501
10.49.223.163,10.49.21.15,6_13_17,96
10.24.249.104,10.49.21.15,6_13_18,9
10.24.49.154,10.49.21.15,6_13_18,241
10.36.32.229,10.49.212.147,6_13_18,240
10.39.11.174,10.49.21.15,6_13_18,1
10.39.80.181,10.49.21.15,6_13_18,63
10.40.53.183,10.49.137.166,6_13_18,168
10.49.137.87,10.49.21.15,6_13_18,709
10.49.223.163,10.49.21.15,6_13_18,375
10.51.65.131,10.49.21.15,6_13_18,35
10.21.12.198,10.49.21.15,6_13_19,3
10.21.249.163,10.49.21.15,6_13_19,3
10.26.139.186,10.49.231.206,6_13_19,7
10.30.150.54,10.49.21.15,6_13_19,3
10.32.243.30,10.49.21.15,6_13_19,440
10.35.82.21,10.49.231.206,6_13_19,5
10.36.32.229,10.49.21.15,6_13_19,1
10.36.32.229,10.49.212.147,6_13_19,161
10.39.56.249,10.49.231.206,6_13_19,8
10.40.53.183,10.49.137.166,6_13_19,81
10.49.137.87,10.49.21.15,6_13_19,223
10.49.45.64,10.49.21.15,6_13_19,19
10.51.65.131,10.49.21.15,6_13_19,3
10.32.49.189,10.49.21.15,6_13_2,31
10.36.32.229,10.49.212.147,6_13_2,171
10.26.86.146,10.49.231.206,6_13_20,7
10.39.12.107,10.49.231.206,6_13_20,6
10.40.53.183,10.49.137.166,6_13_20,89
10.49.137.87,10.49.21.15,6_13_20,1576
10.49.223.163,10.49.21.15,6_13_20,564
10.49.45.64,10.49.21.15,6_13_20,11
10.51.65.131,10.49.21.15,6_13_20,4
10.36.32.229,10.49.212.147,6_13_21,2
10.40.240.71,10.49.21.15,6_13_21,3
10.40.53.183,10.49.21.15,6_13_21,3
10.48.35.58,10.49.21.15,6_13_21,3
10.49.137.87,10.49.21.15,6_13_21,1371
10.30.150.54,10.49.21.15,6_13_22,302
10.35.70.252,10.49.212.186,6_13_22,2
10.35.82.21,10.49.212.186,6_13_22,2
10.49.137.87,10.49.21.15,6_13_22,249
10.49.223.163,10.49.21.15,6_13_22,3
10.36.32.229,10.49.212.147,6_13_23,1
10.39.202.64,10.49.231.206,6_13_23,6
10.49.137.87,10.49.21.15,6_13_23,1919
10.49.223.163,10.49.21.15,6_13_23,96
10.24.49.154,10.49.21.15,6_13_3,3
10.35.70.252,10.49.21.15,6_13_3,32
10.35.70.252,10.49.212.186,6_13_3,32
10.36.32.229,10.49.212.147,6_13_3,498
10.32.42.48,10.49.21.15,6_13_4,14
10.51.65.131,10.49.21.15,6_13_4,2
10.32.42.48,10.49.21.15,6_13_5,36
10.48.35.58,10.49.21.15,6_13_5,40
10.49.137.87,10.49.21.15,6_13_5,256
10.51.65.131,10.49.21.15,6_13_5,36
10.24.172.183,10.49.21.15,6_13_6,3
10.24.243.141,10.49.21.15,6_13_6,32
10.47.187.139,10.49.21.15,6_13_6,6
10.48.35.58,10.49.21.15,6_13_6,30
10.49.137.87,10.49.21.15,6_13_6,473
10.24.249.104,10.49.21.15,6_13_7,6
10.39.11.174,10.49.21.15,6_13_7,98
10.40.53.183,10.49.137.166,6_13_7,83
10.47.187.139,10.49.21.15,6_13_7,26
10.49.137.87,10.49.21.15,6_13_7,715
10.52.226.207,10.49.21.15,6_13_7,31
10.35.82.21,10.49.21.15,6_13_8,32
10.39.11.174,10.49.21.15,6_13_8,28
10.36.32.229,10.49.212.147,6_13_9,1
10.49.137.87,10.49.21.15,6_13_9,1088
10.49.223.194,10.49.212.162,6_13_9,3466
10.26.99.24,10.49.231.206,6_1_0,6
10.36.32.229,10.49.212.147,6_1_0,259
10.49.253.35,10.49.212.7,6_1_0,25
10.49.36.147,10.49.212.7,6_1_0,7
10.26.54.255,10.49.231.206,6_1_1,7
10.33.68.19,10.49.231.206,6_1_1,5
10.36.32.229,10.49.212.147,6_1_1,2
10.49.36.233,10.49.212.7,6_1_1,29
10.24.172.183,10.49.21.15,6_1_10,3
10.24.249.104,10.49.21.15,6_1_10,6
10.25.32.50,10.49.21.15,6_1_10,3
10.35.82.21,10.49.21.15,6_1_10,3
10.39.11.174,10.49.21.15,6_1_10,220
10.40.53.183,10.49.137.166,6_1_10,211
10.42.237.213,10.49.21.15,6_1_10,3
10.43.175.149,10.49.21.15,6_1_10,3
10.47.187.139,10.49.21.15,6_1_10,3
10.48.35.58,10.49.21.15,6_1_10,35
10.49.223.194,10.49.212.162,6_1_10,8
10.49.45.55,10.49.212.7,6_1_10,30
10.24.49.154,10.49.21.15,6_1_11,4
10.35.70.252,10.49.21.15,6_1_11,3
10.36.32.229,10.49.212.147,6_1_11,97
10.48.35.58,10.49.21.15,6_1_11,3
10.49.137.87,10.49.21.15,6_1_11,111
10.49.223.163,10.49.21.15,6_1_11,1553
10.49.223.194,10.49.21.15,6_1_11,1775
10.49.223.194,10.49.212.162,6_1_11,8
10.50.52.30,10.49.21.15,6_1_11,193
10.49.178.162,10.49.212.7,6_1_12,31
10.24.139.131,10.49.21.15,6_1_13,10
10.24.49.154,10.49.21.15,6_1_13,5
10.49.137.38,10.49.212.7,6_1_13,17
10.49.137.87,10.49.212.7,6_1_13,4
10.49.180.30,10.49.212.7,6_1_13,66
10.49.223.194,10.49.21.15,6_1_13,13
10.24.139.131,10.49.21.15,6_1_14,488
10.24.249.104,10.49.21.15,6_1_14,10
10.24.49.154,10.49.21.15,6_1_14,2
10.30.150.54,10.49.21.15,6_1_14,60
10.36.32.229,10.49.212.147,6_1_14,64
10.40.53.183,10.49.137.166,6_1_14,91
10.49.137.12,10.49.212.7,6_1_14,25
10.49.137.38,10.49.212.7,6_1_14,13
10.49.137.87,10.49.212.7,6_1_14,2
10.49.180.30,10.49.212.7,6_1_14,213
10.49.223.163,10.49.21.15,6_1_14,34
10.49.223.194,10.49.21.15,6_1_14,1272
10.49.45.64,10.49.212.7,6_1_14,30
10.30.150.54,10.49.21.15,6_1_15,22
10.36.32.229,10.49.212.147,6_1_15,2
10.49.137.12,10.49.212.7,6_1_15,5
10.49.223.163,10.49.21.15,6_1_16,3
10.36.32.229,10.49.212.147,6_1_18,250
10.49.223.163,10.49.21.15,6_1_18,3
10.24.146.14,10.49.231.206,6_1_2,5
10.37.54.179,10.49.231.206,6_1_2,5
10.52.23.230,10.49.231.206,6_1_2,6
10.49.223.163,10.49.21.15,6_1_20,2
10.52.28.103,10.49.231.206,6_1_20,6
10.21.141.252,10.49.231.206,6_1_21,6
10.35.1.226,10.49.231.206,6_1_21,6
10.49.223.163,10.49.21.15,6_1_21,97
10.36.32.229,10.49.212.147,6_1_22,29
10.49.223.194,10.49.212.7,6_1_22,21
10.26.139.186,10.49.231.206,6_1_23,7
10.36.32.229,10.49.212.147,6_1_23,566
10.49.223.163,10.49.21.15,6_1_23,99
10.49.223.163,10.49.212.7,6_1_23,30
10.49.223.194,10.49.212.7,6_1_23,6
10.49.36.147,10.49.212.7,6_1_23,29
10.49.36.161,10.49.212.7,6_1_23,6
10.35.70.252,10.49.231.206,6_1_3,11
10.36.32.229,10.49.212.147,6_1_3,1
10.49.148.73,10.49.212.7,6_1_3,30
10.49.36.161,10.49.212.7,6_1_3,20
10.49.148.121,10.49.212.7,6_1_4,30
10.49.216.62,10.49.212.7,6_1_4,23
10.49.223.194,10.49.212.7,6_1_4,27
10.49.253.219,10.49.212.7,6_1_4,90
10.49.36.161,10.49.212.7,6_1_4,11
10.24.49.154,10.49.21.15,6_1_5,12
10.35.70.252,10.49.212.147,6_1_5,161
10.40.53.183,10.49.137.166,6_1_5,390
10.49.137.199,10.49.21.15,6_1_5,1759
10.49.137.87,10.49.21.15,6_1_5,1158
10.49.216.62,10.49.212.7,6_1_5,30
10.49.223.163,10.49.21.15,6_1_5,1406
10.49.223.194,10.49.21.15,6_1_5,7
10.49.253.159,10.49.212.7,6_1_5,5
10.49.253.219,10.49.212.7,6_1_5,61
10.21.249.163,10.49.21.15,6_1_6,3
10.24.73.248,10.49.21.15,6_1_6,3
10.35.70.252,10.49.212.147,6_1_6,27
10.40.53.183,10.49.137.166,6_1_6,381
10.49.137.12,10.49.212.7,6_1_6,3
10.49.137.199,10.49.212.7,6_1_6,659
10.49.137.87,10.49.21.15,6_1_6,365
10.49.137.87,10.49.212.7,6_1_6,4
10.49.223.163,10.49.21.15,6_1_6,26
10.49.253.159,10.49.212.7,6_1_6,254
10.49.45.64,10.49.212.7,6_1_6,30
10.51.65.131,10.49.21.15,6_1_6,35
10.21.141.252,10.49.21.15,6_1_7,3
10.24.49.154,10.49.21.15,6_1_7,2076
10.30.150.54,10.49.21.15,6_1_7,4
10.32.42.48,10.49.21.15,6_1_7,3
10.40.216.239,10.49.21.15,6_1_7,3
10.49.137.12,10.49.212.7,6_1_7,22
10.49.137.87,10.49.21.15,6_1_7,591
10.49.137.87,10.49.212.7,6_1_7,27
10.49.253.159,10.49.212.7,6_1_7,1
10.49.45.55,10.49.212.7,6_1_7,30
10.51.65.131,10.49.21.15,6_1_7,3
10.24.146.14,10.49.21.15,6_1_8,3
10.24.49.154,10.49.21.15,6_1_8,337
10.32.49.189,10.49.21.15,6_1_8,3
10.39.80.181,10.49.21.15,6_1_8,3
10.40.53.183,10.49.137.166,6_1_8,342
10.40.53.183,10.49.21.15,6_1_8,714
10.40.64.158,10.49.21.15,6_1_8,3
10.48.35.58,10.49.21.15,6_1_8,3
10.49.137.38,10.49.212.7,6_1_8,3
10.49.137.87,10.49.21.15,6_1_8,158
10.49.45.64,10.49.212.7,6_1_8,3
10.51.65.131,10.49.21.15,6_1_8,4
10.24.49.154,10.49.21.15,6_1_9,3
10.33.68.19,10.49.21.15,6_1_9,3
10.49.137.38,10.49.212.7,6_1_9,25
10.49.137.87,10.49.21.15,6_1_9,1852
10.49.45.55,10.49.21.15,6_1_9,3
10.49.45.64,10.49.212.7,6_1_9,27
10.26.99.24,10.49.231.206,6_2_0,6
10.36.32.229,10.49.212.147,6_2_0,775
10.39.12.107,10.49.231.206,6_2_0,6
10.49.36.147,10.49.212.7,6_2_0,90
10.49.36.233,10.49.212.7,6_2_0,23
10.26.54.255,10.49.231.206,6_2_1,7
10.32.49.189,10.49.21.15,6_2_1,3
10.33.68.19,10.49.231.206,6_2_1,5
10.36.32.229,10.49.212.147,6_2_1,1
10.49.36.233,10.49.212.7,6_2_1,6
10.33.68.19,10.49.21.15,6_2_10,3
10.49.137.38,10.49.212.7,6_2_10,17
10.49.223.163,10.49.21.15,6_2_10,3
10.49.223.194,10.49.21.15,6_2_10,1116
10.49.223.194,10.49.212.162,6_2_10,8
10.49.45.55,10.49.21.15,6_2_10,3
10.49.45.55,10.49.212.7,6_2_10,1
10.49.45.64,10.49.212.7,6_2_10,17
10.24.172.183,10.49.21.15,6_2_11,3
10.28.64.142,10.49.21.15,6_2_11,3
10.32.49.189,10.49.21.15,6_2_11,3
10.35.70.252,10.49.21.15,6_2_11,3
10.35.82.21,10.49.21.15,6_2_11,3
10.36.32.229,10.49.212.147,6_2_11,64
10.40.64.158,10.49.21.15,6_2_11,3
10.47.187.139,10.49.21.15,6_2_11,3
10.48.35.58,10.49.21.15,6_2_11,35
10.49.137.38,10.49.212.7,6_2_11,13
10.49.137.87,10.49.21.15,6_2_11,157
10.49.223.194,10.49.212.162,6_2_11,8
10.49.45.64,10.49.212.7,6_2_11,13
10.43.175.149,10.49.21.15,6_2_12,3
10.48.35.58,10.49.21.15,6_2_12,3
10.49.223.163,10.49.21.15,6_2_12,68
10.49.223.194,10.49.21.15,6_2_12,1589
10.49.45.55,10.49.212.7,6_2_12,30
10.49.137.87,10.49.21.15,6_2_13,282
10.24.49.154,10.49.21.15,6_2_14,4
10.25.32.50,10.49.21.15,6_2_14,3
10.49.178.162,10.49.212.7,6_2_14,15
10.49.223.163,10.49.21.15,6_2_14,65
10.49.223.194,10.49.21.15,6_2_14,221
10.49.137.38,10.49.212.7,6_2_15,30
10.49.137.87,10.49.21.15,6_2_15,96
10.49.137.87,10.49.212.7,6_2_15,1
10.49.178.162,10.49.212.7,6_2_15,14
10.49.180.30,10.49.212.7,6_2_15,101
10.49.180.30,10.49.212.7,6_2_16,169
10.49.223.163,10.49.21.15,6_2_16,127
10.49.223.194,10.49.21.15,6_2_16,4
10.49.45.64,10.49.212.7,6_2_16,30
10.36.32.229,10.49.212.147,6_2_17,1
10.49.137.12,10.49.212.7,6_2_17,30
10.49.223.194,10.49.21.15,6_2_17,186
10.35.70.252,10.49.212.147,6_2_18,16
10.36.32.229,10.49.212.147,6_2_18,250
10.36.32.229,10.49.212.147,6_2_19,2
10.49.223.163,10.49.21.15,6_2_19,158
10.24.146.14,10.49.231.206,6_2_2,4
10.37.54.179,10.49.231.206,6_2_2,5
10.49.148.73,10.49.212.7,6_2_2,4
10.52.23.230,10.49.231.206,6_2_2,6
10.26.86.146,10.49.231.206,6_2_20,8
10.36.32.229,10.49.212.147,6_2_20,1
10.21.141.252,10.49.231.206,6_2_21,6
10.35.1.226,10.49.231.206,6_2_21,4
10.49.223.163,10.49.21.15,6_2_21,3
10.36.32.229,10.49.212.147,6_2_22,872
10.39.12.107,10.49.231.206,6_2_23,6
10.49.223.163,10.49.21.15,6_2_23,3
10.35.70.252,10.49.231.206,6_2_3,11
10.36.32.229,10.49.212.147,6_2_3,2
10.49.148.73,10.49.212.7,6_2_3,51
10.40.240.71,10.49.21.15,6_2_4,3
10.49.148.121,10.49.212.7,6_2_4,34
10.49.223.194,10.49.212.7,6_2_4,4
10.49.36.161,10.49.212.7,6_2_4,30
10.24.49.154,10.49.21.15,6_2_5,3
10.36.32.229,10.49.21.15,6_2_5,3
10.36.32.229,10.49.212.147,6_2_5,2
10.49.216.62,10.49.212.7,6_2_5,19
10.49.223.163,10.49.21.15,6_2_5,3
10.49.223.194,10.49.212.7,6_2_5,22
10.49.253.219,10.49.212.7,6_2_5,27
10.24.243.141,10.49.21.15,6_2_6,3
10.49.216.62,10.49.212.7,6_2_6,55
10.49.253.219,10.49.212.7,6_2_6,122
10.52.226.207,10.49.21.15,6_2_6,3
10.21.141.252,10.49.21.15,6_2_7,3
10.21.249.163,10.49.21.15,6_2_7,3
10.24.73.248,10.49.21.15,6_2_7,1
10.37.54.179,10.49.21.15,6_2_7,3
10.49.137.12,10.49.212.7,6_2_7,5
10.49.137.199,10.49.212.7,6_2_7,317
10.49.137.87,10.49.21.15,6_2_7,318
10.49.137.87,10.49.212.7,6_2_7,5
10.49.223.163,10.49.21.15,6_2_7,3
10.49.253.159,10.49.212.7,6_2_7,139
10.49.45.64,10.49.212.7,6_2_7,30
10.24.73.248,10.49.21.15,6_2_8,2
10.32.42.48,10.49.21.15,6_2_8,3
10.40.216.239,10.49.21.15,6_2_8,3
10.49.137.12,10.49.212.7,6_2_8,23
10.49.137.199,10.49.212.7,6_2_8,360
10.49.137.87,10.49.212.7,6_2_8,26
10.49.253.159,10.49.212.7,6_2_8,121
10.51.65.131,10.49.21.15,6_2_8,3
10.24.146.14,10.49.21.15,6_2_9,3
10.36.32.229,10.49.212.147,6_2_9,4
10.39.80.181,10.49.21.15,6_2_9,3
10.40.53.183,10.49.21.15,6_2_9,220
10.49.45.55,10.49.212.7,6_2_9,29
10.51.65.131,10.49.21.15,6_2_9,38
10.24.49.154,10.49.21.15,6_3_0,3
10.26.54.255,10.49.231.206,6_3_0,8
10.33.68.19,10.49.231.206,6_3_0,5
10.36.32.229,10.49.212.147,6_3_0,126
10.49.223.163,10.49.212.7,6_3_0,30
10.49.223.194,10.49.212.7,6_3_0,27
10.49.36.147,10.49.212.7,6_3_0,38
10.49.36.161,10.49.212.7,6_3_0,3
10.24.146.14,10.49.231.206,6_3_1,5
10.32.49.189,10.49.21.15,6_3_1,3
10.36.32.229,10.49.212.147,6_3_1,3
10.37.54.179,10.49.231.206,6_3_1,5
10.49.36.147,10.49.212.7,6_3_1,76
10.49.36.161,10.49.212.7,6_3_1,19
10.24.146.14,10.49.21.15,6_3_10,3
10.30.150.54,10.49.21.15,6_3_10,3
10.39.11.174,10.49.21.15,6_3_10,32
10.39.80.181,10.49.21.15,6_3_10,3
10.49.137.12,10.49.212.7,6_3_10,12
10.49.137.199,10.49.21.15,6_3_10,1355
10.49.137.199,10.49.212.7,6_3_10,419
10.49.137.87,10.49.21.15,6_3_10,98
10.49.137.87,10.49.212.7,6_3_10,31
10.49.223.163,10.49.21.15,6_3_10,162
10.49.223.194,10.49.21.15,6_3_10,78
10.49.223.194,10.49.212.162,6_3_10,8
10.49.253.159,10.49.212.7,6_3_10,204
10.51.65.131,10.49.21.15,6_3_10,38
10.40.53.183,10.49.137.166,6_3_11,81
10.49.137.12,10.49.212.7,6_3_11,3
10.49.137.87,10.49.21.15,6_3_11,5
10.49.223.163,10.49.21.15,6_3_11,148
10.24.172.183,10.49.21.15,6_3_12,3
10.24.49.154,10.49.21.15,6_3_12,3
10.28.64.142,10.49.21.15,6_3_12,3
10.30.150.54,10.49.21.15,6_3_12,126
10.32.49.189,10.49.21.15,6_3_12,3
10.39.11.174,10.49.21.15,6_3_12,1
10.40.53.183,10.49.137.166,6_3_12,86
10.40.64.158,10.49.21.15,6_3_12,3
10.42.237.213,10.49.21.15,6_3_12,3
10.48.35.58,10.49.21.15,6_3_12,35
10.49.137.38,10.49.212.7,6_3_12,28
10.49.137.87,10.49.21.15,6_3_12,1550
10.49.45.64,10.49.212.7,6_3_12,7
10.39.11.174,10.49.21.15,6_3_13,64
10.40.53.183,10.49.137.166,6_3_13,55
10.40.53.183,10.49.21.15,6_3_13,126
10.43.175.149,10.49.21.15,6_3_13,3
10.49.137.87,10.49.21.15,6_3_13,468
10.49.223.163,10.49.21.15,6_3_13,440
10.49.223.194,10.49.21.15,6_3_13,1989
10.49.45.64,10.49.212.7,6_3_13,23
10.30.150.54,10.49.21.15,6_3_14,4
10.30.150.54,10.49.45.144,6_3_14,2
10.30.150.54,10.56.34.157,6_3_14,8
10.32.243.30,10.49.21.15,6_3_14,267
10.35.70.252,10.49.212.147,6_3_14,1
10.40.53.183,10.49.137.166,6_3_14,147
10.40.53.183,10.49.21.15,6_3_14,104
10.49.137.199,10.49.21.15,6_3_14,1327
10.49.137.87,10.49.21.15,6_3_14,316
10.49.223.163,10.49.21.15,6_3_14,3
10.49.45.55,10.49.212.7,6_3_14,23
10.24.49.154,10.49.21.15,6_3_15,414
10.30.150.54,10.49.21.15,6_3_15,15
10.32.243.30,10.49.21.15,6_3_15,59
10.49.137.199,10.49.21.15,6_3_15,1394
10.49.137.87,10.49.21.15,6_3_15,215
10.49.45.10,10.56.34.157,6_3_15,47
10.24.49.154,10.49.21.15,6_3_16,7
10.39.27.119,10.56.34.157,6_3_16,31
10.40.53.183,10.49.21.15,6_3_16,569
10.49.137.87,10.49.21.15,6_3_16,746
10.49.178.162,10.49.212.7,6_3_16,22
10.49.223.163,10.49.21.15,6_3_16,97
10.49.223.194,10.49.21.15,6_3_16,219
10.49.45.64,10.49.21.15,6_3_16,26
10.24.249.104,10.49.21.15,6_3_17,10
10.24.49.154,10.49.21.15,6_3_17,260
10.36.32.229,10.49.212.147,6_3_17,272
10.39.11.174,10.49.21.15,6_3_17,1
10.49.137.38,10.49.212.7,6_3_17,16
10.49.137.87,10.49.21.15,6_3_17,358
10.49.180.30,10.49.212.7,6_3_17,89
10.49.223.163,10.49.21.15,6_3_17,1
101.199.103.196,10.56.34.157,6_3_17,48
10.24.49.154,10.49.21.15,6_3_18,7
10.32.243.30,10.49.21.15,6_3_18,1775
10.49.137.38,10.49.212.7,6_3_18,10
10.49.137.87,10.49.21.15,6_3_18,3837
10.49.137.87,10.49.212.7,6_3_18,1
10.49.180.30,10.49.212.7,6_3_18,126
10.49.223.163,10.49.21.15,6_3_18,223
10.49.223.194,10.49.21.15,6_3_18,288
10.49.45.64,10.49.212.7,6_3_18,30
10.24.49.154,10.49.21.15,6_3_19,6
10.36.32.229,10.49.212.147,6_3_19,1
10.39.11.174,10.49.21.15,6_3_19,1
10.40.53.183,10.49.137.166,6_3_19,226
10.40.53.183,10.49.21.15,6_3_19,3
10.49.137.12,10.49.212.7,6_3_19,29
10.49.137.87,10.49.21.15,6_3_19,130
10.49.223.163,10.49.21.15,6_3_19,494
10.49.223.194,10.49.21.15,6_3_19,276
10.35.70.252,10.49.231.206,6_3_2,11
10.36.32.229,10.49.212.147,6_3_2,651
10.49.253.35,10.49.212.7,6_3_2,28
10.49.36.147,10.49.212.7,6_3_2,117
10.49.36.233,10.49.212.7,6_3_2,7
10.24.49.154,10.49.21.15,6_3_20,3
10.26.86.146,10.49.231.206,6_3_20,8
10.35.70.252,10.49.212.147,6_3_20,2
10.36.32.229,10.49.212.147,6_3_20,419
10.40.53.183,10.49.137.166,6_3_20,113
10.40.53.183,10.49.21.15,6_3_20,658
10.49.137.87,10.49.21.15,6_3_20,187
10.30.150.54,10.49.21.15,6_3_21,1593
10.35.1.226,10.49.231.206,6_3_21,6
10.36.32.229,10.49.212.147,6_3_21,188
10.49.137.87,10.49.21.15,6_3_21,1991
10.49.223.163,10.49.21.15,6_3_21,216
10.36.32.229,10.49.212.147,6_3_22,109
10.40.53.183,10.49.21.15,6_3_22,120
10.49.137.87,10.49.21.15,6_3_22,107
10.49.223.163,10.49.21.15,6_3_22,65
10.26.139.186,10.49.231.206,6_3_23,8
10.36.32.229,10.49.212.147,6_3_23,2
10.49.137.87,10.49.21.15,6_3_23,1552
10.36.32.229,10.49.212.147,6_3_3,1
10.48.35.58,10.49.21.15,6_3_3,3
10.49.36.233,10.49.212.7,6_3_3,23
10.24.249.104,10.49.21.15,6_3_4,6
10.36.32.229,10.49.212.147,6_3_4,560
10.40.53.183,10.49.21.15,6_3_4,3
10.49.148.73,10.49.212.7,6_3_4,15
10.21.12.198,10.49.21.15,6_3_5,3
10.36.32.229,10.49.21.15,6_3_5,3
10.49.148.73,10.49.212.7,6_3_5,16
10.49.223.163,10.49.21.15,6_3_5,3
10.49.36.161,10.49.212.7,6_3_5,19
10.24.243.141,10.49.21.15,6_3_6,3
10.24.49.154,10.49.21.15,6_3_6,4
10.36.32.229,10.49.212.147,6_3_6,1
10.49.148.121,10.49.212.7,6_3_6,2
10.49.148.73,10.49.212.7,6_3_6,24
10.49.36.161,10.49.212.7,6_3_6,11
10.52.226.207,10.49.21.15,6_3_6,3
10.49.148.121,10.49.212.7,6_3_7,31
10.49.216.62,10.49.212.7,6_3_7,3
10.49.223.163,10.49.21.15,6_3_7,3
10.49.223.194,10.49.212.7,6_3_7,27
10.49.253.219,10.49.212.7,6_3_7,43
10.21.141.252,10.49.21.15,6_3_8,3
10.21.249.163,10.49.21.15,6_3_8,3
10.24.146.212,10.49.21.15,6_3_8,3
10.24.73.248,10.49.21.15,6_3_8,3
10.36.32.229,10.49.212.147,6_3_8,2
10.37.54.179,10.49.21.15,6_3_8,3
10.49.216.62,10.49.212.7,6_3_8,30
10.49.253.219,10.49.212.7,6_3_8,107
10.24.49.154,10.49.21.15,6_3_9,643
10.32.42.48,10.49.21.15,6_3_9,3
10.40.216.239,10.49.21.15,6_3_9,3
10.49.137.199,10.49.212.7,6_3_9,161
10.49.137.87,10.49.21.15,6_3_9,1563
10.49.253.159,10.49.212.7,6_3_9,55
10.49.45.64,10.49.212.7,6_3_9,28
10.51.65.131,10.49.21.15,6_3_9,3
10.24.49.154,10.49.21.15,6_4_0,1
10.26.54.255,10.49.231.206,6_4_0,8
10.33.68.19,10.49.231.206,6_4_0,5
10.39.12.107,10.49.231.206,6_4_0,6
10.49.137.87,10.49.21.15,6_4_0,747
10.49.223.163,10.49.21.15,6_4_0,34
10.49.253.35,10.49.212.7,6_4_0,30
10.24.49.154,10.49.21.15,6_4_1,19
10.36.32.229,10.49.212.147,6_4_1,1
10.49.36.233,10.49.212.7,6_4_1,28
10.39.27.119,10.56.34.157,6_4_10,18
10.49.126.12,10.56.34.157,6_4_10,65
10.49.178.162,10.49.212.7,6_4_10,26
10.49.223.194,10.49.212.162,6_4_10,8
10.30.150.54,10.56.34.157,6_4_11,11
10.36.32.229,10.49.212.147,6_4_11,46
10.37.54.179,10.49.21.15,6_4_11,3
10.49.137.12,10.49.212.7,6_4_11,29
10.49.137.87,10.49.21.15,6_4_11,344
10.49.223.194,10.49.212.162,6_4_11,8
10.49.45.64,10.49.212.7,6_4_11,30
10.39.27.119,10.56.34.157,6_4_12,9
10.49.137.87,10.49.21.15,6_4_12,126
10.51.65.131,10.49.21.15,6_4_12,3
42.236.9.139,10.56.34.157,6_4_12,1
10.21.141.252,10.49.21.15,6_4_13,3
10.21.249.163,10.49.21.15,6_4_13,3
10.36.32.229,10.49.212.147,6_4_13,5
10.51.65.131,10.49.21.15,6_4_13,19
10.49.137.87,10.49.21.15,6_4_14,193
10.51.65.131,10.49.21.15,6_4_14,16
10.28.64.142,10.49.21.15,6_4_15,16
10.30.18.93,10.56.34.157,6_4_15,1
10.49.137.87,10.49.21.15,6_4_15,20
101.226.161.188,10.56.34.157,6_4_15,9
10.28.64.142,10.49.21.15,6_4_16,2
10.40.216.239,10.49.21.15,6_4_16,8
10.49.137.87,10.49.21.15,6_4_16,153
101.226.161.188,10.56.34.157,6_4_16,5
10.36.32.229,10.49.212.147,6_4_17,64
10.40.216.239,10.49.21.15,6_4_17,25
10.36.32.229,10.49.212.147,6_4_18,415
10.40.216.239,10.49.21.15,6_4_18,23
10.49.137.87,10.49.21.15,6_4_18,22
10.51.65.131,10.49.21.15,6_4_18,1
10.24.49.154,10.49.21.15,6_4_19,4
10.26.139.186,10.49.231.206,6_4_19,7
10.30.150.54,10.49.21.15,6_4_19,12
10.36.32.229,10.49.212.147,6_4_19,1
10.49.137.87,10.49.21.15,6_4_19,11
10.24.146.14,10.49.231.206,6_4_2,5
10.24.49.154,10.49.21.15,6_4_2,46
10.35.70.252,10.49.231.206,6_4_2,11
10.37.54.179,10.49.231.206,6_4_2,5
10.49.148.73,10.49.212.7,6_4_2,24
10.52.23.230,10.49.231.206,6_4_2,5
10.26.86.146,10.49.231.206,6_4_20,7
10.35.70.252,10.49.212.186,6_4_20,2
10.26.54.255,10.49.231.206,6_4_21,7
10.36.32.229,10.49.212.147,6_4_21,312
10.39.12.107,10.49.231.206,6_4_21,6
10.52.28.103,10.49.231.206,6_4_21,4
10.35.1.226,10.49.231.206,6_4_22,5
10.36.32.229,10.49.212.147,6_4_22,724
10.24.49.154,10.49.21.15,6_4_23,4
10.36.32.229,10.49.212.147,6_4_23,293
10.49.223.163,10.49.212.7,6_4_23,30
10.49.223.194,10.49.212.7,6_4_23,25
10.49.36.147,10.49.212.7,6_4_23,107
10.51.65.131,10.49.21.15,6_4_23,1
10.35.70.252,10.49.21.15,6_4_3,32
10.49.148.73,10.49.212.7,6_4_3,6
10.49.223.194,10.49.212.7,6_4_3,7
10.49.36.161,10.49.212.7,6_4_3,30
10.49.148.121,10.49.212.7,6_4_4,30
10.49.216.62,10.49.212.7,6_4_4,30
10.49.223.194,10.49.212.7,6_4_4,20
10.49.253.219,10.49.212.7,6_4_4,101
10.35.70.252,10.49.21.15,6_4_5,32
10.35.70.252,10.49.212.147,6_4_5,156
10.40.240.71,10.49.21.15,6_4_5,6
10.40.53.183,10.49.21.15,6_4_5,5
10.49.137.12,10.49.212.7,6_4_5,19
10.49.253.159,10.49.212.7,6_4_5,30
10.49.253.219,10.49.212.7,6_4_5,49
10.35.70.252,10.49.212.147,6_4_6,31
10.35.82.21,10.49.21.15,6_4_6,32
10.40.240.71,10.49.21.15,6_4_6,26
10.40.53.183,10.49.21.15,6_4_6,25
10.47.187.139,10.49.21.15,6_4_6,32
10.49.137.12,10.49.212.7,6_4_6,9
10.49.223.163,10.49.21.15,6_4_6,3
10.36.32.229,10.49.212.147,6_4_7,338
10.49.137.38,10.49.212.7,6_4_7,30
10.49.45.55,10.49.212.7,6_4_7,30
10.49.45.64,10.49.212.7,6_4_7,30
10.24.243.141,10.49.21.15,6_4_8,40
10.36.32.229,10.49.212.147,6_4_8,558
10.49.45.55,10.49.212.7,6_4_8,30
10.52.226.207,10.49.21.15,6_4_8,10
10.24.243.141,10.49.21.15,6_4_9,24
10.52.226.207,10.49.21.15,6_4_9,53
10.30.150.54,10.49.21.15,6_5_0,5
10.36.32.229,10.49.212.147,6_5_0,115
10.49.36.147,10.49.212.7,6_5_0,97
10.49.36.161,10.49.212.7,6_5_0,10
10.49.36.233,10.49.212.7,6_5_0,30
10.52.23.230,10.49.231.206,6_5_0,5
10.24.49.154,10.49.21.15,6_5_1,4
10.35.70.252,10.49.231.206,6_5_1,11
10.49.36.147,10.49.212.7,6_5_1,23
10.24.49.154,10.49.21.15,6_5_10,208
10.36.32.229,10.49.212.147,6_5_10,461
10.47.187.139,10.49.21.15,6_5_10,1
10.49.137.199,10.49.21.15,6_5_10,10
10.49.137.38,10.49.212.7,6_5_10,27
10.49.137.87,10.49.21.15,6_5_10,926
10.49.45.55,10.49.212.7,6_5_10,28
10.49.45.64,10.49.212.7,6_5_10,30
10.52.226.207,10.49.21.15,6_5_10,3
220.181.150.159,10.56.34.157,6_5_10,140
220.181.159.224,10.56.34.157,6_5_10,18
10.36.32.229,10.49.212.147,6_5_11,1
10.39.11.174,10.49.21.15,6_5_11,37
10.49.137.199,10.49.21.15,6_5_11,1451
10.49.137.87,10.49.21.15,6_5_11,290
10.49.223.194,10.49.212.162,6_5_11,8
101.226.161.188,10.56.34.157,6_5_11,6
10.37.54.179,10.49.21.15,6_5_12,31
10.43.175.149,10.49.21.15,6_5_12,25
10.49.137.87,10.49.21.15,6_5_12,24
10.24.49.154,10.49.21.15,6_5_13,35
10.36.32.229,10.49.212.147,6_5_13,33
10.40.53.183,10.49.137.166,6_5_13,83
10.40.53.183,10.49.21.15,6_5_13,127
10.49.137.87,10.49.21.15,6_5_13,1212
10.49.178.162,10.49.212.7,6_5_13,7
10.51.65.131,10.49.21.15,6_5_13,3
10.21.141.252,10.49.21.15,6_5_14,32
10.21.249.163,10.49.21.15,6_5_14,3
10.24.146.212,10.49.21.15,6_5_14,8
10.32.49.189,10.49.21.15,6_5_14,3
10.39.27.119,10.56.34.157,6_5_14,15
10.40.53.183,10.49.137.166,6_5_14,81
10.49.137.38,10.49.212.7,6_5_14,30
10.49.137.87,10.49.21.15,6_5_14,98
10.49.178.162,10.49.212.7,6_5_14,20
10.49.180.30,10.49.212.7,6_5_14,196
10.49.223.163,10.49.21.15,6_5_14,890
101.226.161.188,10.56.34.157,6_5_14,12
10.24.146.212,10.49.21.15,6_5_15,17
10.36.32.229,10.49.212.147,6_5_15,2
10.39.11.174,10.49.21.15,6_5_15,1
10.39.27.119,10.56.34.157,6_5_15,12
10.48.35.58,10.49.21.15,6_5_15,3
10.49.137.87,10.49.21.15,6_5_15,251
10.49.137.87,10.49.212.7,6_5_15,17
10.49.180.30,10.49.212.7,6_5_15,68
10.49.45.64,10.49.212.7,6_5_15,30
10.24.49.154,10.49.21.15,6_5_16,276
10.39.27.119,10.56.34.157,6_5_16,6
10.40.53.183,10.49.137.166,6_5_16,98
10.49.126.225,10.56.34.157,6_5_16,78
10.49.137.12,10.49.212.7,6_5_16,30
10.49.137.199,10.49.21.15,6_5_16,1974
10.49.137.87,10.49.21.15,6_5_16,32
10.49.180.192,10.56.34.157,6_5_16,4
10.49.223.194,10.49.21.15,6_5_16,995
10.50.85.78,10.56.34.157,6_5_16,1
10.24.49.154,10.49.21.15,6_5_17,42
10.25.32.50,10.49.21.15,6_5_17,19
10.28.64.142,10.49.21.15,6_5_17,3
10.36.32.229,10.49.212.147,6_5_17,1
10.40.53.183,10.49.137.166,6_5_17,432
10.49.137.87,10.49.21.15,6_5_17,11
10.25.32.50,10.49.21.15,6_5_18,2
10.35.70.252,10.49.212.186,6_5_18,2
10.39.11.174,10.49.21.15,6_5_18,6
10.49.137.87,10.49.21.15,6_5_18,317
10.49.223.163,10.49.21.15,6_5_18,437
10.49.45.64,10.49.21.15,6_5_18,7
10.24.249.104,10.49.21.15,6_5_19,55
10.24.49.154,10.49.21.15,6_5_19,717
10.26.139.186,10.49.231.206,6_5_19,7
10.40.53.183,10.49.21.15,6_5_19,437
10.49.137.199,10.49.21.15,6_5_19,1787
10.49.137.87,10.49.21.15,6_5_19,157
10.49.223.163,10.49.21.15,6_5_19,8
10.49.45.64,10.49.21.15,6_5_19,1
10.49.148.73,10.49.212.7,6_5_2,25
10.24.249.104,10.49.21.15,6_5_20,158
10.26.86.146,10.49.231.206,6_5_20,7
10.49.137.87,10.49.21.15,6_5_20,510
10.49.223.163,10.49.21.15,6_5_20,365
10.49.223.194,10.49.21.15,6_5_20,66
10.26.54.255,10.49.231.206,6_5_21,7
10.36.32.229,10.49.212.147,6_5_21,1
10.39.12.107,10.49.231.206,6_5_21,6
10.49.137.87,10.49.21.15,6_5_21,2294
10.49.223.163,10.49.21.15,6_5_21,378
10.35.70.252,10.49.212.147,6_5_22,2
10.49.137.87,10.49.21.15,6_5_22,555
10.49.223.163,10.49.21.15,6_5_22,3
10.49.223.163,10.49.212.7,6_5_22,13
10.49.223.194,10.49.212.7,6_5_22,11
10.36.32.229,10.49.212.147,6_5_23,343
10.49.137.87,10.49.21.15,6_5_23,1538
10.49.223.163,10.49.21.15,6_5_23,62
10.49.223.163,10.49.212.7,6_5_23,17
10.49.223.194,10.49.212.7,6_5_23,16
10.49.36.161,10.49.212.7,6_5_23,18
10.52.23.230,10.49.231.206,6_5_23,5
10.49.148.73,10.49.212.7,6_5_3,29
10.35.70.252,10.49.212.147,6_5_4,187
10.49.36.161,10.49.212.7,6_5_4,31
10.21.12.198,10.49.21.15,6_5_5,8
10.24.49.154,10.49.21.15,6_5_5,191
10.24.73.248,10.49.21.15,6_5_5,8
10.30.150.54,10.49.21.15,6_5_5,796
10.36.32.229,10.49.21.15,6_5_5,8
10.40.53.183,10.49.137.166,6_5_5,232
10.49.137.87,10.49.21.15,6_5_5,123
10.49.148.121,10.49.212.7,6_5_5,31
10.49.216.62,10.49.212.7,6_5_5,11
10.49.223.194,10.49.212.7,6_5_5,25
10.51.65.131,10.49.21.15,6_5_5,70
10.21.12.198,10.49.21.15,6_5_6,18
10.24.49.154,10.49.21.15,6_5_6,77
10.24.73.248,10.49.21.15,6_5_6,17
10.32.42.48,10.49.21.15,6_5_6,32
10.36.32.229,10.49.21.15,6_5_6,5
10.49.137.87,10.49.21.15,6_5_6,378
10.49.216.62,10.49.212.7,6_5_6,25
10.24.146.14,10.49.21.15,6_5_7,29
10.24.49.154,10.49.21.15,6_5_7,16
10.36.32.229,10.49.212.147,6_5_7,34
10.40.53.183,10.49.21.15,6_5_7,773
10.48.35.58,10.49.21.15,6_5_7,32
10.49.137.199,10.49.212.7,6_5_7,635
10.49.137.87,10.49.21.15,6_5_7,158
10.49.253.159,10.49.212.7,6_5_7,237
10.49.45.64,10.49.212.7,6_5_7,30
10.24.146.14,10.49.21.15,6_5_8,2
10.30.150.54,10.49.21.15,6_5_8,150
10.32.243.30,10.49.21.15,6_5_8,431
10.33.68.19,10.49.21.15,6_5_8,3
10.40.53.183,10.49.21.15,6_5_8,20
10.49.137.12,10.49.212.7,6_5_8,28
10.49.137.199,10.49.212.7,6_5_8,62
10.49.137.87,10.49.21.15,6_5_8,157
10.49.137.87,10.49.212.7,6_5_8,29
10.49.253.159,10.49.212.7,6_5_8,23
10.36.32.229,10.49.212.147,6_5_9,20
10.40.53.183,10.49.137.166,6_5_9,87
10.47.187.139,10.49.21.15,6_5_9,2
10.48.35.58,10.49.21.15,6_5_9,70
10.49.137.87,10.49.21.15,6_5_9,33
10.49.45.55,10.49.212.7,6_5_9,30
10.35.70.252,10.49.231.206,6_6_0,11
10.36.32.229,10.49.212.147,6_6_0,449
10.49.137.87,10.49.21.15,6_6_0,528
10.49.223.163,10.49.21.15,6_6_0,65
10.49.36.161,10.49.212.7,6_6_0,3
10.49.45.55,10.49.21.15,6_6_0,6
10.24.49.154,10.49.21.15,6_6_1,4
10.32.49.189,10.49.21.15,6_6_1,30
10.36.32.229,10.49.212.147,6_6_1,144
10.40.216.239,10.49.21.15,6_6_1,3
10.49.223.163,10.49.21.15,6_6_1,3
10.49.45.55,10.49.21.15,6_6_1,25
10.30.18.93,10.56.34.157,6_6_10,1
10.40.53.183,10.49.137.166,6_6_10,89
10.48.35.58,10.49.21.15,6_6_10,35
10.49.137.199,10.49.21.15,6_6_10,1540
10.49.137.87,10.49.21.15,6_6_10,381
10.49.223.163,10.49.21.15,6_6_10,65
10.49.45.144,10.56.34.157,6_6_10,45
10.30.150.54,10.49.21.15,6_6_11,3
10.36.32.229,10.49.212.147,6_6_11,206
10.47.187.139,10.49.21.15,6_6_11,3
10.49.137.87,10.49.21.15,6_6_11,1527
10.49.223.163,10.49.21.15,6_6_11,34
10.49.223.194,10.49.21.15,6_6_11,639
10.49.223.194,10.49.212.162,6_6_11,8
10.49.45.144,10.56.34.157,6_6_11,171
10.52.226.207,10.49.21.15,6_6_11,3
10.39.11.174,10.49.21.15,6_6_12,228
10.49.137.87,10.49.21.15,6_6_12,596
10.24.49.154,10.49.21.15,6_6_13,4
10.36.32.229,10.49.212.147,6_6_13,281
10.49.137.199,10.49.21.15,6_6_13,1530
10.49.137.87,10.49.21.15,6_6_13,2335
10.49.223.163,10.49.21.15,6_6_13,161
10.51.65.131,10.49.21.15,6_6_13,3
10.24.49.154,10.49.21.15,6_6_14,31
10.36.32.229,10.49.212.147,6_6_14,245
10.39.11.174,10.49.21.15,6_6_14,3
10.43.175.149,10.49.21.15,6_6_14,3
10.49.126.12,10.56.34.157,6_6_14,41
10.49.137.87,10.49.21.15,6_6_14,507
10.55.163.57,10.49.21.15,6_6_14,75
101.199.103.3,10.56.34.157,6_6_14,63
220.181.150.159,10.56.34.157,6_6_14,247
10.21.141.252,10.49.21.15,6_6_15,3
10.21.249.163,10.49.21.15,6_6_15,3
10.32.49.189,10.49.21.15,6_6_15,3
10.36.32.229,10.49.212.147,6_6_15,3
10.48.110.228,10.56.34.157,6_6_15,3
10.21.141.252,10.49.21.15,6_6_16,3
10.24.146.212,10.49.21.15,6_6_16,2
10.24.49.154,10.49.21.15,6_6_16,37
10.32.49.189,10.49.21.15,6_6_16,3
10.48.110.228,10.56.34.157,6_6_16,3
10.49.137.87,10.49.21.15,6_6_16,583
10.36.32.229,10.49.212.147,6_6_17,517
10.39.11.174,10.49.21.15,6_6_17,3
10.48.35.58,10.49.21.15,6_6_17,3
10.49.137.199,10.49.21.15,6_6_17,1569
10.49.137.87,10.49.21.15,6_6_17,727
10.49.223.163,10.49.21.15,6_6_17,812
10.49.223.194,10.49.21.15,6_6_17,209
10.24.49.154,10.49.21.15,6_6_18,5
10.28.64.142,10.49.21.15,6_6_18,3
10.36.32.229,10.49.212.147,6_6_18,28
10.49.137.87,10.49.21.15,6_6_18,117
106.120.167.74,10.56.34.157,6_6_18,2
106.38.184.217,10.56.34.157,6_6_18,6
125.88.193.208,10.56.34.157,6_6_18,3
42.236.27.46,10.56.34.157,6_6_18,1
42.236.9.130,10.56.34.157,6_6_18,1
10.21.249.163,10.49.21.15,6_6_19,3
10.24.49.154,10.49.21.15,6_6_19,1281
10.25.32.50,10.49.21.15,6_6_19,3
10.26.139.186,10.49.231.206,6_6_19,7
10.36.32.229,10.49.212.147,6_6_19,223
10.40.53.183,10.49.137.166,6_6_19,114
10.40.53.183,10.49.21.15,6_6_19,127
10.49.137.87,10.49.21.15,6_6_19,4399
10.49.223.163,10.49.21.15,6_6_19,189
10.49.223.194,10.49.21.15,6_6_19,221
10.49.45.64,10.49.21.15,6_6_19,3
10.24.49.154,10.49.21.15,6_6_2,4
10.49.223.163,10.49.21.15,6_6_2,65
10.26.86.146,10.49.231.206,6_6_20,7
10.36.32.229,10.49.212.147,6_6_20,731
10.49.137.87,10.49.21.15,6_6_20,627
10.49.223.163,10.49.21.15,6_6_20,34
10.26.54.255,10.49.231.206,6_6_21,8
10.36.32.229,10.49.212.147,6_6_21,158
10.39.12.107,10.49.231.206,6_6_21,6
10.40.53.183,10.49.21.15,6_6_21,487
10.49.137.87,10.49.21.15,6_6_21,32
10.49.223.163,10.49.21.15,6_6_21,63
10.36.32.229,10.49.212.147,6_6_22,93
10.49.137.87,10.49.21.15,6_6_22,2266
10.49.223.163,10.49.21.15,6_6_22,65
10.24.172.183,10.49.21.15,6_6_23,32
10.24.49.154,10.49.21.15,6_6_23,28
10.35.70.252,10.49.231.206,6_6_23,12
10.36.32.229,10.49.212.147,6_6_23,1
10.49.137.87,10.49.21.15,6_6_23,561
10.49.223.163,10.49.21.15,6_6_23,70
10.49.253.35,10.49.212.7,6_6_23,30
10.49.36.147,10.49.212.7,6_6_23,216
10.52.23.230,10.49.231.206,6_6_23,5
10.35.70.252,10.49.21.15,6_6_3,3
10.36.32.229,10.49.212.147,6_6_3,311
10.39.80.181,10.49.21.15,6_6_3,8
10.49.223.163,10.49.21.15,6_6_3,3
10.51.65.131,10.49.21.15,6_6_3,6
10.35.70.252,10.49.212.147,6_6_4,33
10.36.32.229,10.49.212.147,6_6_4,32
10.39.80.181,10.49.21.15,6_6_4,24
10.40.240.71,10.49.21.15,6_6_4,3
10.51.65.131,10.49.21.15,6_6_4,26
10.24.243.141,10.49.21.15,6_6_5,3
10.35.82.21,10.49.21.15,6_6_5,3
10.49.223.163,10.49.21.15,6_6_5,3
10.51.65.131,10.49.21.15,6_6_5,16
10.21.12.198,10.49.21.15,6_6_6,3
10.24.73.248,10.49.21.15,6_6_6,3
10.40.53.183,10.49.137.166,6_6_6,56
10.51.65.131,10.49.21.15,6_6_6,19
10.36.32.229,10.49.212.147,6_6_7,2
10.40.64.158,10.49.21.15,6_6_8,10
10.48.35.58,10.49.21.15,6_6_8,3
10.24.146.14,10.49.21.15,6_6_9,3
10.30.150.54,10.49.21.15,6_6_9,3
10.33.68.19,10.49.21.15,6_6_9,3
10.40.53.183,10.49.21.15,6_6_9,159
10.40.64.158,10.49.21.15,6_6_9,7
10.42.237.213,10.49.21.15,6_6_9,7
10.24.49.154,10.49.21.15,6_7_0,5
10.49.36.147,10.49.212.7,6_7_0,19
10.49.36.233,10.49.212.7,6_7_0,30
10.24.49.154,10.49.21.15,6_7_1,4
10.36.32.229,10.49.212.147,6_7_1,814
10.49.148.73,10.49.212.7,6_7_1,12
10.49.223.163,10.49.21.15,6_7_1,3
10.49.45.55,10.49.21.15,6_7_1,3
10.48.35.58,10.49.21.15,6_7_10,37
10.49.223.163,10.49.21.15,6_7_10,39
10.49.223.194,10.49.212.162,6_7_10,8
10.49.45.55,10.49.212.7,6_7_10,24
10.36.32.229,10.49.212.147,6_7_11,1
10.47.187.139,10.49.21.15,6_7_11,3
10.49.223.194,10.49.21.15,6_7_11,1959
10.49.45.55,10.49.212.7,6_7_11,9
10.52.226.207,10.49.21.15,6_7_11,3
10.39.11.174,10.49.21.15,6_7_12,67
10.49.223.163,10.49.21.15,6_7_12,1
10.36.32.229,10.49.212.147,6_7_14,223
10.36.32.229,10.49.212.147,6_7_15,259
10.36.32.229,10.49.212.147,6_7_16,1
10.26.139.186,10.49.231.206,6_7_18,7
10.35.82.21,10.49.231.206,6_7_18,5
10.36.32.229,10.49.212.147,6_7_18,1
10.26.86.146,10.49.231.206,6_7_19,7
10.35.70.252,10.49.212.186,6_7_19,18
10.36.32.229,10.49.212.147,6_7_19,758
10.32.49.189,10.49.21.15,6_7_2,3
10.49.148.73,10.49.212.7,6_7_2,41
10.26.54.255,10.49.231.206,6_7_20,7
10.36.32.229,10.49.212.147,6_7_20,492
10.39.12.107,10.49.231.206,6_7_20,5
10.36.32.229,10.49.212.147,6_7_22,2
10.49.216.62,10.49.212.7,6_7_22,29
10.52.23.230,10.49.231.206,6_7_22,5
10.35.70.252,10.49.231.206,6_7_23,11
10.49.216.62,10.49.212.7,6_7_23,34
10.32.42.48,10.49.21.15,6_7_3,3
10.35.70.252,10.49.21.15,6_7_3,3
10.36.32.229,10.49.212.147,6_7_3,363
10.40.53.183,10.49.21.15,6_7_3,3
10.49.148.121,10.49.212.7,6_7_3,14
10.49.148.73,10.49.212.7,6_7_3,31
10.49.223.163,10.49.21.15,6_7_3,1
10.49.36.161,10.49.212.7,6_7_3,31
10.24.249.104,10.49.21.15,6_7_4,100
10.36.32.229,10.49.21.15,6_7_4,3
10.36.32.229,10.49.212.147,6_7_4,463
10.39.80.181,10.49.21.15,6_7_4,3
10.40.240.71,10.49.21.15,6_7_4,6
10.49.148.121,10.49.212.7,6_7_4,14
10.49.223.163,10.49.21.15,6_7_4,2
10.49.223.194,10.49.212.7,6_7_4,4
10.49.253.219,10.49.212.7,6_7_4,13
10.35.82.21,10.49.21.15,6_7_5,3
10.49.216.62,10.49.212.7,6_7_5,44
10.49.223.194,10.49.212.7,6_7_5,25
10.49.253.219,10.49.212.7,6_7_5,143
10.49.137.12,10.49.212.7,6_7_6,4
10.49.137.199,10.49.212.7,6_7_6,285
10.49.137.87,10.49.212.7,6_7_6,4
10.49.223.163,10.49.21.15,6_7_6,3
10.49.45.64,10.49.212.7,6_7_6,29
10.51.65.131,10.49.21.15,6_7_6,71
10.21.12.198,10.49.21.15,6_7_7,3
10.49.137.12,10.49.212.7,6_7_7,24
10.49.137.199,10.49.212.7,6_7_7,479
10.49.137.87,10.49.212.7,6_7_7,28
10.49.253.159,10.49.212.7,6_7_7,68
10.49.45.55,10.49.212.7,6_7_7,13
10.36.32.229,10.49.212.147,6_7_8,1
10.48.35.58,10.49.21.15,6_7_8,4
10.49.137.38,10.49.212.7,6_7_8,15
10.49.223.163,10.49.21.15,6_7_8,3
10.49.45.55,10.49.212.7,6_7_8,19
10.49.45.64,10.49.212.7,6_7_8,29
10.24.146.14,10.49.21.15,6_7_9,4
10.40.64.158,10.49.21.15,6_7_9,3
10.49.137.38,10.49.212.7,6_7_9,21
10.49.223.194,10.49.21.15,6_7_9,1781
10.49.223.194,10.49.212.162,6_7_9,1
10.49.45.64,10.49.212.7,6_7_9,9
10.36.32.229,10.49.212.147,6_8_0,1
10.49.223.194,10.49.212.162,6_8_10,9
10.36.32.229,10.49.212.147,6_8_11,75
10.48.35.58,10.49.21.15,6_8_11,38
10.49.223.163,10.49.21.15,6_8_11,3
10.49.223.194,10.49.21.15,6_8_11,1309
10.47.187.139,10.49.21.15,6_8_12,3
10.52.226.207,10.49.21.15,6_8_12,3
10.40.64.158,10.49.21.15,6_8_13,5
10.49.223.163,10.49.21.15,6_8_13,3
10.36.32.229,10.49.212.147,6_8_14,36
10.36.32.229,10.49.212.147,6_8_15,357
10.36.32.229,10.49.212.147,6_8_16,2
10.49.223.163,10.49.21.15,6_8_16,4
10.26.139.186,10.49.231.206,6_8_18,7
10.35.82.21,10.49.231.206,6_8_18,6
10.36.32.229,10.49.212.147,6_8_18,1
10.49.223.163,10.49.21.15,6_8_18,3
10.26.86.146,10.49.231.206,6_8_19,7
10.26.54.255,10.49.231.206,6_8_20,7
10.39.12.107,10.49.231.206,6_8_20,6
10.49.223.163,10.49.21.15,6_8_20,3
10.36.32.229,10.49.212.147,6_8_22,205
10.49.223.163,10.49.21.15,6_8_22,3
10.52.23.230,10.49.231.206,6_8_22,4
10.35.70.252,10.49.231.206,6_8_23,11
10.36.32.229,10.49.212.147,6_8_23,72
10.49.216.62,10.49.212.7,6_8_23,32
10.35.70.252,10.49.212.186,6_8_3,33
10.36.32.229,10.49.212.147,6_8_3,428
10.21.141.252,10.49.21.15,6_8_4,4
10.21.249.163,10.49.21.15,6_8_4,13
10.24.73.248,10.49.21.15,6_8_4,3
10.28.64.142,10.49.21.15,6_8_4,3
10.32.42.48,10.49.21.15,6_8_4,3
10.36.32.229,10.49.212.147,6_8_4,170
10.49.223.163,10.49.21.15,6_8_4,144
10.51.65.131,10.49.21.15,6_8_4,3
10.21.249.163,10.49.21.15,6_8_5,20
10.24.146.212,10.49.21.15,6_8_5,3
10.24.243.141,10.49.21.15,6_8_5,4
10.24.49.154,10.49.21.15,6_8_5,6
10.25.32.50,10.49.21.15,6_8_5,3
10.32.49.189,10.49.21.15,6_8_5,29
10.35.70.252,10.49.21.15,6_8_5,3
10.40.216.239,10.49.21.15,6_8_5,3
10.40.240.71,10.49.21.15,6_8_5,3
10.40.53.183,10.49.21.15,6_8_5,3
10.24.172.183,10.49.21.15,6_8_6,3
10.24.249.104,10.49.21.15,6_8_6,6
10.24.49.154,10.49.21.15,6_8_6,5
10.32.49.189,10.49.21.15,6_8_6,4
10.33.68.19,10.49.21.15,6_8_6,6
10.35.82.21,10.49.21.15,6_8_6,3
10.36.32.229,10.49.212.147,6_8_6,3
10.43.175.149,10.49.21.15,6_8_6,3
10.48.35.58,10.49.21.15,6_8_6,3
10.49.223.163,10.49.21.15,6_8_6,70
10.49.45.55,10.49.21.15,6_8_6,3
10.50.52.30,10.49.21.15,6_8_6,202
10.33.68.19,10.49.21.15,6_8_7,28
10.49.223.163,10.49.21.15,6_8_7,3
10.51.65.131,10.49.21.15,6_8_7,37
10.37.54.179,10.49.21.15,6_8_8,3
10.48.35.58,10.49.21.15,6_8_8,4
10.51.65.131,10.49.21.15,6_8_8,3
10.48.35.58,10.49.21.15,6_8_9,3
10.49.223.163,10.49.21.15,6_8_9,4
10.49.223.194,10.49.21.15,6_8_9,1150
10.49.223.194,10.49.212.162,6_8_9,8
10.36.32.229,10.49.212.147,6_9_0,710
10.49.223.163,10.49.21.15,6_9_0,5
10.36.32.229,10.49.212.147,6_9_1,142
10.36.32.229,10.49.212.147,6_9_10,1
10.37.54.179,10.49.21.15,6_9_10,3
10.49.223.194,10.49.212.162,6_9_10,8
10.51.65.131,10.49.21.15,6_9_10,3
10.36.32.229,10.49.212.147,6_9_11,95
10.48.35.58,10.49.21.15,6_9_11,3
10.49.223.163,10.49.21.15,6_9_11,3
10.49.223.194,10.49.21.15,6_9_11,1565
10.36.32.229,10.49.212.147,6_9_12,4
10.48.35.58,10.49.21.15,6_9_12,39
10.36.32.229,10.49.212.147,6_9_13,449
10.47.187.139,10.49.21.15,6_9_13,4
10.49.223.163,10.49.21.15,6_9_13,3
10.52.226.207,10.49.21.15,6_9_13,3
10.36.32.229,10.49.212.147,6_9_14,2
10.40.64.158,10.49.21.15,6_9_14,3
10.42.237.213,10.49.21.15,6_9_14,1
10.36.32.229,10.49.212.147,6_9_15,2
10.49.223.163,10.49.21.15,6_9_15,4
10.36.32.229,10.49.212.147,6_9_16,1
10.26.139.186,10.49.231.206,6_9_18,8
10.35.82.21,10.49.231.206,6_9_18,5
10.36.32.229,10.49.212.147,6_9_18,1
10.49.223.163,10.49.21.15,6_9_18,3
10.26.86.146,10.49.231.206,6_9_19,7
10.36.32.229,10.49.212.147,6_9_19,131
10.36.32.229,10.49.212.147,6_9_2,1
10.39.80.181,10.49.21.15,6_9_2,3
10.49.223.163,10.49.21.15,6_9_2,4
10.36.32.229,10.49.212.147,6_9_20,441
10.39.12.107,10.49.231.206,6_9_20,6
10.49.223.163,10.49.21.15,6_9_20,3
10.36.32.229,10.49.212.147,6_9_21,300
10.36.32.229,10.49.212.147,6_9_22,1
10.49.223.163,10.49.21.15,6_9_22,3
10.52.23.230,10.49.231.206,6_9_22,7
10.35.70.252,10.49.231.206,6_9_23,11
10.39.202.64,10.49.231.206,6_9_23,6
10.39.27.175,10.49.231.206,6_9_23,8
10.49.216.62,10.49.212.7,6_9_23,7
10.35.70.252,10.49.212.147,6_9_3,33
10.21.12.198,10.49.21.15,6_9_4,3
10.36.32.229,10.49.21.15,6_9_4,3
10.21.141.252,10.49.21.15,6_9_5,3
10.24.73.248,10.49.21.15,6_9_5,3
10.28.64.142,10.49.21.15,6_9_5,4
10.32.42.48,10.49.21.15,6_9_5,3
10.49.223.163,10.49.21.15,6_9_5,36
10.51.65.131,10.49.21.15,6_9_5,3
10.21.249.163,10.49.21.15,6_9_6,3
10.24.146.212,10.49.21.15,6_9_6,3
10.24.243.141,10.49.21.15,6_9_6,4
10.24.49.154,10.49.21.15,6_9_6,4
10.25.32.50,10.49.21.15,6_9_6,3
10.35.70.252,10.49.21.15,6_9_6,3
10.36.32.229,10.49.212.147,6_9_6,57
10.40.216.239,10.49.21.15,6_9_6,3
10.40.240.71,10.49.21.15,6_9_6,4
10.40.53.183,10.49.21.15,6_9_6,3
10.24.172.183,10.49.21.15,6_9_7,3
10.24.249.104,10.49.21.15,6_9_7,6
10.24.49.154,10.49.21.15,6_9_7,3
10.32.49.189,10.49.21.15,6_9_7,6
10.35.82.21,10.49.21.15,6_9_7,3
10.43.175.149,10.49.21.15,6_9_7,3
10.48.35.58,10.49.21.15,6_9_7,4
10.49.223.163,10.49.21.15,6_9_7,63
10.49.45.55,10.49.21.15,6_9_7,3
10.24.49.154,10.49.21.15,6_9_8,4
10.33.68.19,10.49.21.15,6_9_8,3
10.36.32.229,10.49.212.147,6_9_8,3
10.51.65.131,10.49.21.15,6_9_8,37
10.49.223.194,10.49.212.162,6_9_9,9
10.51.65.131,10.49.21.15,6_9_9,3
